<?xml version="1.0" encoding="UTF-8"?>
<EmailTemplate xmlns="http://soap.sforce.com/2006/04/metadata">
    <available>true</available>
    <encodingKey>ISO-8859-1</encodingKey>
    <name>Approval Request Timesheet</name>
    <style>none</style>
    <subject>Approval request to approve Timesheet</subject>
    <textOnly>Dear {!Timesheet__c.Manager__c},

This mail is regarding approval request  to approve Timesheet.

Timesheet #:  {!Timesheet__c.Name}
Pay Period: {!Timesheet__c.PayPeriod_Start__c} through {!Timesheet__c.PayPeriod_End__c}
Total Worked Hours:  {!Timesheet__c.Total_Worked_Hours__c}
Click the following link to Approve/Reject this Timesheet: &apos;{!Timesheet__c.Link}&apos;

Regards, {!Timesheet__c.OwnerFullName}</textOnly>
    <type>custom</type>
    <uiType>Aloha</uiType>
</EmailTemplate>
