<?xml version="1.0" encoding="UTF-8"?>
<EmailTemplate xmlns="http://soap.sforce.com/2006/04/metadata">
    <available>true</available>
    <description>Send mail when SOE status is QA Review.</description>
    <encodingKey>ISO-8859-1</encodingKey>
    <name>QA Request for SOE</name>
    <style>none</style>
    <subject>Request for Quality Analysis</subject>
    <textOnly>Hi {!ApprovalRequest.Process_Approver},
This mail is regarding approval request of {!SOE__c.Name} after thorough analysis of the SOE, brief details as follows:
SOE : {!SOE__c.Name}
SOE Name : {!SOE__c.SOE_Title__c}
Please click here to check the request

Regards,
{!SOE__c.OwnerFullName}.</textOnly>
    <type>custom</type>
    <uiType>Aloha</uiType>
</EmailTemplate>
