<?xml version="1.0" encoding="UTF-8"?>
<EmailTemplate xmlns="http://soap.sforce.com/2006/04/metadata">
    <available>true</available>
    <encodingKey>ISO-8859-1</encodingKey>
    <name>Incident Assignee Template</name>
    <style>none</style>
    <subject>Incident Assigned.</subject>
    <textOnly>Dear {!Incident__c.Assignee__c},

An Incident has been assigned to you, brief details are as follows:
Incident  Number : {!Incident__c.Name}
Soe Name:{!Incident__c.SOE1__c}
Task Title :{!Incident__c.Task__c}
Incidenet Summary :  {!Incident__c.Summary__c}

Regards,
{!Incident__c.LastModifiedBy}</textOnly>
    <type>custom</type>
    <uiType>Aloha</uiType>
</EmailTemplate>
