<?xml version="1.0" encoding="UTF-8"?>
<EmailTemplate xmlns="http://soap.sforce.com/2006/04/metadata">
    <available>true</available>
    <encodingKey>ISO-8859-1</encodingKey>
    <name>Mail to Assignee</name>
    <style>none</style>
    <subject>Asset Assigned</subject>
    <textOnly>Dear {!Asset_Assignment__c.Assignee__c},

Details of Asset assigned to you are as below:
Asset : &apos;{!Asset_Assignment__c.Asset__c}&apos;
Please click here to review.

Regards,
{!Asset_Assignment__c.Name}</textOnly>
    <type>custom</type>
    <uiType>Aloha</uiType>
</EmailTemplate>
